8001,Other,waste,audits
8002,Product-Producer,chairs,company
8003,Instrument-Agency,stick,master
8004,Other,reservoir,body
8005,Cause-Effect,strains,disease
8006,Other,Other,Other
8007,Other,lie,child
8008,Other,call,users
8009,Other,Other,Other
8010,Other,disease,thesis
8011,Other,houses,survivors
8012,Product-Producer,advice,maker
8013,Entity-Destination,names,space
8014,Product-Producer,landscape,company
8015,Other,friend,category
8016,Other,Other,Other
8017,Component-Whole,actress,airport
8018,Other,internet,works
8019,Member-Collection,beasts,zoo
8020,Other,Brazilian,song
8021,Message-Topic,outline,esotericism
8022,Content-Container,bomb,suitcase
8023,Product-Producer,loans,company
8024,Other,Other,Other
8025,Entity-Origin,oil,sesame
8026,Product-Producer,housing,developer
8027,Member-Collection,workers,team
8028,Other,Other,Other
8029,Other,museums,drawings
8030,Other,mixture,epochs
8031,Other,Other,Other
8032,Other,Other,Other
8033,Component-Whole,steps,stairs
8034,Other,mouth,blisters
8035,Other,luff,man
8036,Component-Whole,amplifier,circuit
8037,Instrument-Agency,critics,leader
8038,Other,Other,Other
8039,Member-Collection,sperm,pod
8040,Cause-Effect,parasite,Roundworms
8041,Other,Other,Other
8042,Component-Whole,paw,cat
8043,Other,Other,Other
8044,Entity-Destination,oil,ocean
8045,Member-Collection,talent,wave
8046,Entity-Destination,coins,clear
8047,Content-Container,space,drawer
8048,Other,inside,bottle
8049,Message-Topic,programs,violence
8050,Component-Whole,interplay,narrative
8051,Entity-Destination,acid,eyes
8052,Component-Whole,canvases,room
8053,Member-Collection,magpies,gulp
8054,Other,Other,Other
8055,Other,conviction,murders
8056,Member-Collection,monkeys,group
8057,Other,blog,opinions
8058,Component-Whole,movement,outside
8059,Product-Producer,diamond,colliers
8060,Other,houses,door
8061,Entity-Origin,wine,fruit
8062,Product-Producer,text,scribe
8063,Other,magic,witch
8064,Other,committee,organisation
8065,Entity-Destination,clock,presentations
8066,Other,Other,Other
8067,Other,combination,vinegar
8068,Other,Other,Other
8069,Other,technology,authors
8070,Product-Producer,comments,responsiblity
8071,Component-Whole,president,university
8072,Other,Other,Other
8073,Other,crew,slide
8074,Other,inspector,yard
8075,Message-Topic,regulations,force
8076,Entity-Origin,questions,press
8077,Other,children,exile
8078,Other,bar,father
8079,Entity-Destination,rebound,net
8080,Other,Other,Other
8081,Other,safetybar,passenger
8082,Other,chair,leg
8083,Other,fatigue,musclepain
8084,Component-Whole,claw,hammer
8085,Other,order,magazine
8086,Member-Collection,cards,deck
8087,Other,illness,films
8088,Other,publication,software
8089,Other,shoulder,nectar
8090,Other,debate,volume
8091,Other,defendant,custody
8092,Other,Other,Other
8093,Content-Container,cheese,dish
8094,Content-Container,castle,museum
8095,Entity-Destination,clubs,ownership
8096,Other,man,car
8097,Message-Topic,section,results
8098,Component-Whole,drawer,coffeemaker
8099,Entity-Destination,tube,container
8100,Other,democracy,questions
8101,Other,Other,Other
8102,Other,data,station
8103,Entity-Origin,offenders,officers
8104,Other,Other,Other
8105,Entity-Origin,oil,hurricane
8106,Other,adults,studies
8107,Cause-Effect,genemutations,diseases
8108,Other,Other,Other
8109,Entity-Origin,growth,crown
8110,Other,Other,Other
8111,Other,Other,Other
8112,Content-Container,cat,live
8113,Other,dance,stories
8114,Other,Other,Other
8115,Other,air,smell
8116,Other,Other,Other
8117,Product-Producer,lines,author
8118,Other,tone,receiver
8119,Member-Collection,heavily,squad
8120,Other,Other,Other
8121,Entity-Destination,pulp,tub
8122,Other,boats,things
8123,Cause-Effect,samples,cow
8124,Other,blog,novel
8125,Message-Topic,speech,education
8126,Entity-Origin,flour,rice
8127,Other,passenger,body
8128,Other,threatened,disaster
8129,Component-Whole,sheep,farm
8130,Content-Container,laptop,bag
8131,Other,Other,Other
8132,Other,happiness,tales
8133,Other,toads,birds
8134,Other,company,home
8135,Other,Other,Other
8136,Other,Other,Other
8137,Member-Collection,animals,bladder
8138,Member-Collection,asses,coffle
8139,Entity-Origin,coloring,coat
8140,Other,Other,Other
8141,Instrument-Agency,wire,electrician
8142,Other,epochs,adjustment
8143,Other,Other,Other
8144,Entity-Origin,parents,station
8145,Other,Other,Other
8146,Other,Other,Other
8147,Content-Container,boots,box
8148,Entity-Destination,attractions,tourists
8149,Other,guy,car
8150,Other,Other,Other
8151,Product-Producer,design,wife
8152,Other,Other,Other
8153,Member-Collection,rabbits,litter
8154,Other,Other,Other
8155,Member-Collection,strategies,documents
8156,Component-Whole,soot,punch
8157,Component-Whole,plug,batterybox
8158,Other,Other,Other
8159,Other,Other,Other
8160,Message-Topic,publication,implications
8161,Other,drugs,document
8162,Other,game,bazooka
8163,Product-Producer,model,Meyer
8164,Other,Other,Other
8165,Other,Other,Other
8166,Entity-Destination,vacuum,canister
8167,Member-Collection,cadets,corps
8168,Other,ringmounts,aircrafts
8169,Entity-Origin,headquarters,address
8170,Other,Other,Other
8171,Entity-Destination,man,countries
8172,Member-Collection,keeper,team
8173,Other,push-bike,high-wheelers
8174,Other,Other,Other
8175,Other,pollution,problems
8176,Other,writer,site
8177,Entity-Destination,core,river
8178,Other,Other,Other
8179,Component-Whole,core,analyzer
8180,Other,Other,Other
8181,Other,children,attributes
8182,Other,Other,Other
8183,Other,nurse,patient
8184,Product-Producer,content,person
8185,Other,Other,Other
8186,Member-Collection,beaters,squad
8187,Other,Other,Other
8188,Other,Other,Other
8189,Other,chief,thesis
8190,Instrument-Agency,pieces,counter
8191,Cause-Effect,Rain,cancellation
8192,Other,education,trends
8193,Other,format,keywords
8194,Other,teams,articles
8195,Other,science,astronaut
8196,Other,clusters,clustering
8197,Other,Other,Other
8198,Other,song,unofficially
8199,Other,Other,Other
8200,Component-Whole,pre-formatted,factory
8201,Other,Other,Other
8202,Content-Container,body,bin
8203,Other,Other,Other
8204,Instrument-Agency,venom,sound
8205,Other,Other,Other
8206,Other,Other,Other
8207,Other,Other,Other
8208,Content-Container,marbles,bottle
8209,Other,staff,employee
8210,Other,Other,Other
8211,Other,Musicians,hand
8212,Entity-Origin,oil,abyssinica
8213,Other,Other,Other
8214,Other,flashbacks,gloves
8215,Other,soda,sugar
8216,Content-Container,soda,bottle
8217,Content-Container,money,jar
8218,Other,banner,ramparts
8219,Cause-Effect,terrorist,crash
8220,Other,Other,Other
8221,Content-Container,wine,jeroboam
8222,Other,facility,end
8223,Other,flourishes,Greeks
8224,Product-Producer,report,Conditions
8225,Other,cattle,animals
8226,Other,accent,vocalist
8227,Content-Container,coin,plasticcase
8228,Member-Collection,penguins,parade
8229,Other,Other,Other
8230,Other,chemicals,drilling
8231,Other,Other,Other
8232,Member-Collection,islands,chain
8233,Other,Other,Other
8234,Other,misuse,damage
8235,Other,Other,Other
8236,Other,on-screen,programming
8237,Other,combination,subdetectors
8238,Other,foot,bones
8239,Cause-Effect,Seasonal,deprivation
8240,Other,aircraft,aircraft
8241,Other,Other,Other
8242,Content-Container,water,carafe
8243,Component-Whole,stem,tree
8244,Other,box,machine
8245,Other,Other,Other
8246,Product-Producer,Andronicus,philosopher
8247,Entity-Destination,tableau,room
8248,Component-Whole,strings,protocol
8249,Other,Other,Other
8250,Entity-Destination,mix,cake
8251,Other,Other,Other
8252,Entity-Origin,gerbil,threat
8253,Other,bombs,airstrike
8254,Other,Other,Other
8255,Other,energy,Barrages
8256,Other,Other,Other
8257,Cause-Effect,wastewater,conflict
8258,Message-Topic,report,revenues
8259,Component-Whole,engine,car
8260,Other,Other,Other
8261,Component-Whole,phases,book
8262,Entity-Destination,spam,clients
8263,Entity-Origin,syrup,plum
8264,Other,Other,Other
8265,Cause-Effect,tornado,damage
8266,Entity-Destination,friend,surfer
8267,Other,politicians,song
8268,Other,shoe,weeks
8269,Other,Other,Other
8270,Entity-Destination,motives,trial
8271,Component-Whole,compeers,Todd
8272,Other,Other,Other
8273,Message-Topic,song,topics
8274,Member-Collection,seals,rookery
8275,Other,forces,novel
8276,Entity-Destination,car,river
8277,Message-Topic,news,issues
8278,Instrument-Agency,ram,team
8279,Member-Collection,mausoleums,builder
8280,Product-Producer,song,band
8281,Member-Collection,head,politicalparty
8282,Entity-Destination,gardeners,street
8283,Other,pages,internet
8284,Cause-Effect,Oxford,man
8285,Other,Other,Other
8286,Content-Container,brain,jar
8287,Other,Other,Other
8288,Cause-Effect,stress,loss
8289,Entity-Destination,nation,mourning
8290,Other,Other,Other
8291,Content-Container,litter,box
8292,Other,news,bananas
8293,Component-Whole,stem,plant
8294,Other,Other,Other
8295,Component-Whole,Twelve,book
8296,Entity-Origin,heroes,movies
8297,Other,petition,construction
8298,Entity-Destination,team,jungle
8299,Other,people,staff
8300,Other,story,grandfather
8301,Other,running,shoes
8302,Other,emergency,pilot
8303,Component-Whole,railing,deck
8304,Other,source,activation
8305,Other,building,land
8306,Product-Producer,report,faction
8307,Other,artist,heart
8308,Product-Producer,forum,craftsman
8309,Message-Topic,article,speech
8310,Other,Other,Other
8311,Member-Collection,firewood,cartload
8312,Product-Producer,colors,dispersion
8313,Other,Other,Other
8314,Other,Other,Other
8315,Other,matter,position
8316,Other,computer,pile
8317,Other,frame,photo
8318,Other,soup,can
8319,Entity-Destination,shipments,stock
8320,Instrument-Agency,bloodpressure,doctor
8321,Other,physical,people
8322,Member-Collection,dancers,troupe
8323,Other,Other,Other
8324,Other,server,hostname
8325,Other,rod,shell
8326,Other,Other,Other
8327,Message-Topic,sculpture,themes
8328,Other,Other,Other
8329,Other,Other,Other
8330,Product-Producer,poem,worker
8331,Member-Collection,lawyers,phalanx
8332,Other,team,Desperados
8333,Other,laws,liberties
8334,Other,depression,unemployment
8335,Other,survivors,huddle
8336,Other,grinding,base
8337,Other,uncles,coffin
8338,Other,tickets,controversy
8339,Entity-Origin,excursions,harbour
8340,Content-Container,coffee,cup
8341,Other,diversity,document
8342,Other,Other,Other
8343,Other,Other,Other
8344,Entity-Destination,song,player
8345,Other,man,body
8346,Instrument-Agency,trash,toy
8347,Other,Other,Other
8348,Other,sky,souffle
8349,Message-Topic,Its,firm
8350,Other,Bone,osteoblasts
8351,Content-Container,money,red
8352,Member-Collection,computers,cluster
8353,Other,announcement,question
8354,Other,Other,Other
8355,Other,bunker,cost
8356,Other,research,nanoparticles
8357,Other,collision,intersection
8358,Component-Whole,voltmeters,system
8359,Member-Collection,men,horde
8360,Other,cord,earphones
8361,Cause-Effect,good,pain
8362,Other,beer,yeast
8363,Entity-Origin,boat,harbour
8364,Instrument-Agency,length,player
8365,Other,Other,Other
8366,Component-Whole,sheep,movie
8367,Entity-Destination,brains,dish
8368,Entity-Destination,storm,town
8369,Component-Whole,stories,book
8370,Other,committee,commission
8371,Component-Whole,ribs,umbrella
8372,Other,Other,Other
8373,Other,bullet,damage
8374,Product-Producer,album,musician
8375,Entity-Destination,files,software
8376,Other,Other,Other
8377,Other,Neuralgia,headache
8378,Other,Other,Other
8379,Other,Other,Other
8380,Other,Other,Other
8381,Instrument-Agency,tools,mason
8382,Cause-Effect,earthquake,damage
8383,Entity-Destination,feet,floor
8384,Entity-Destination,aunt,caresuffering
8385,Other,turtles,shells
8386,Other,Other,Other
8387,Other,Other,Other
8388,Other,test,arm
8389,Message-Topic,part,techniques
8390,Instrument-Agency,loom,flower
8391,Cause-Effect,war,evacuation
8392,Component-Whole,point,pencil
8393,Entity-Origin,cadets,training
8394,Entity-Origin,chunks,airplane
8395,Component-Whole,strings,cello
8396,Other,argument,text
8397,Other,waters,vehicles
8398,Entity-Destination,Air,mouthpiece
8399,Instrument-Agency,receiverships,units
8400,Other,boss,crisis
8401,Other,student,scholarship
8402,Cause-Effect,word,misinterpretation
8403,Cause-Effect,bombing,damage
8404,Other,Other,Other
8405,Other,Other,Other
8406,Other,paper,backpage
8407,Other,team,team
8408,Other,thickener,starch
8409,Other,Other,Other
8410,Entity-Destination,inquiry,century
8411,Other,Bordewijk,bath
8412,Content-Container,water,bottle
8413,Other,Other,Other
8414,Other,rich,economies
8415,Member-Collection,plovers,congregation
8416,Product-Producer,coil,sensor
8417,Cause-Effect,Clinically,fractures
8418,Content-Container,coffin,case
8419,Other,Other,Other
8420,Other,chronologically,paper
8421,Other,Other,Other
8422,Other,Other,Other
8423,Entity-Destination,phone,toilet
8424,Other,leg,husband
8425,Other,coefficients,scales
8426,Product-Producer,book,writer
8427,Component-Whole,handgrip,micrometer
8428,Product-Producer,food,chef
8429,Other,cylinder,fuel
8430,Entity-Origin,squirrel,group
8431,Other,laces,shoe
8432,Other,river,land
8433,Other,Other,Other
8434,Component-Whole,elections,country
8435,Entity-Destination,aunt,health
8436,Other,Other,Other
8437,Other,Other,Other
8438,Product-Producer,modules,system
8439,Other,stab,fear
8440,Other,changes,reforms
8441,Other,outspoken,obscenity
8442,Other,spindle,areometer
8443,Other,chapel,house
8444,Other,oven,dryer
8445,Content-Container,bag,locker
8446,Other,Other,Other
8447,Message-Topic,discussion,news
8448,Product-Producer,citrus,lychee
8449,Entity-Origin,answer,riddle
8450,Other,Other,Other
8451,Other,Other,Other
8452,Other,boy,brotherhood
8453,Other,detention,prisoner
8454,Other,Other,Other
8455,Cause-Effect,embargo,suffering
8456,Instrument-Agency,pouch,medallion
8457,Other,pork,needles
8458,Other,sculpture,craftsmen
8459,Instrument-Agency,instrument,attacker
8460,Other,Other,Other
8461,Other,Other,Other
8462,Other,Other,Other
8463,Entity-Destination,offers,catalog
8464,Content-Container,king,silvercasket
8465,Content-Container,body,bin
8466,Product-Producer,export,company
8467,Entity-Destination,post,field
8468,Entity-Destination,aid,areas
8469,Other,dollar,jail
8470,Other,Administration,arm
8471,Other,pollution,energy
8472,Component-Whole,windshield,cockpit
8473,Cause-Effect,abuse,anger
8474,Content-Container,paper,deskdrawer
8475,Other,Other,Other
8476,Other,Other,Other
8477,Other,arrangement,hall
8478,Other,jail,death
8479,Message-Topic,advertising,selections
8480,Other,Other,Other
8481,Entity-Destination,soldiers,camp
8482,Member-Collection,fish,haul
8483,Other,Other,Other
8484,Other,bombs,chivalry
8485,Message-Topic,debate,prominence
8486,Cause-Effect,strike,death
8487,Other,rig,drilling
8488,Other,Other,Other
8489,Other,power,fear
8490,Content-Container,money,safe
8491,Member-Collection,Mozambique,Students
8492,Other,Other,Other
8493,Cause-Effect,pull,Tides
8494,Product-Producer,streaks,particles
8495,Entity-Destination,Changes,regulations
8496,Entity-Destination,Animations,Adobeversion
8497,Entity-Destination,reflux,mouth
8498,Other,alarm,dust
8499,Component-Whole,photoreceptors,retina
8500,Other,drug,half-life
8501,Other,features,sections
8502,Content-Container,gun,box
8503,Cause-Effect,ulcer,pain
8504,Entity-Origin,word,noun
8505,Other,desk,remote
8506,Entity-Destination,cells,tissues
8507,Member-Collection,hogs,drove
8508,Entity-Destination,Borrowersfall,troubles
8509,Other,kids,joy
8510,Other,Other,Other
8511,Other,farm,farmer
8512,Cause-Effect,Stroke,death
8513,Other,praise,albums
8514,Message-Topic,newsletter,fortnight
8515,Other,information,management
8516,Other,about,machine
8517,Other,unit,plant
8518,Other,narcotic,poppy
8519,Other,affidavit,defendant
8520,Product-Producer,economics,flicker
8521,Other,Other,Other
8522,Other,director,company
8523,Cause-Effect,braces,discomfort
8524,Other,creates,playwright
8525,Entity-Origin,community,minority
8526,Entity-Destination,Everything,sacks
8527,Component-Whole,locomotive,train
8528,Content-Container,body,suitcase
8529,Entity-Destination,boy,cradle
8530,Product-Producer,product,factory
8531,Other,ear,outer
8532,Other,galleries,artist
8533,Product-Producer,property,developer
8534,Cause-Effect,students,distraction
8535,Other,friend,light
8536,Component-Whole,Four,suffocation
8537,Member-Collection,visited,glut
8538,Other,fans,crush
8539,Other,Other,Other
8540,Other,Other,Other
8541,Product-Producer,pie,factory
8542,Other,earthquakes,losses
8543,Message-Topic,newspaper,app
8544,Other,Other,Other
8545,Other,toothpick,mechanic
8546,Content-Container,site,base
8547,Component-Whole,cover,assembly
8548,Other,Other,Other
8549,Other,Other,Other
8550,Other,line,aisle
8551,Other,lighting,works
8552,Entity-Destination,medicine,food
8553,Other,Other,Other
8554,Content-Container,wine,cartonbox
8555,Other,fish,oil
8556,Other,Other,Other
8557,Entity-Origin,flame,pyre
8558,Entity-Destination,treadmill,space
8559,Other,Other,Other
8560,Entity-Origin,geometry,string
8561,Other,Other,Other
8562,Other,boy,girl
8563,Other,Other,Other
8564,Other,Other,Other
8565,Other,Other,Other
8566,Entity-Destination,artist,can
8567,Product-Producer,map,guy
8568,Component-Whole,seniors,house
8569,Entity-Origin,answer,century
8570,Other,birds,writer
8571,Other,composition,controversy
8572,Member-Collection,rabbits,kindle
8573,Other,investigation,allegations
8574,Component-Whole,boots,man
8575,Entity-Destination,shuttles,space
8576,Other,Other,Other
8577,Member-Collection,groups,Cadre
8578,Other,kids,cast
8579,Other,happiness,programme
8580,Other,lineup,memo
8581,Other,cell,mechanisms
8582,Other,competition,children
8583,Member-Collection,provinces,congress
8584,Component-Whole,blade,sword
8585,Other,Other,Other
8586,Other,Other,Other
8587,Other,CDproduct,encyclopedia
8588,Other,Other,Other
8589,Other,century,researchers
8590,Member-Collection,decides,brotherhood
8591,Cause-Effect,tsunami,devastation
8592,Message-Topic,regulations,force
8593,Product-Producer,design,architects
8594,Entity-Origin,oil,oceans
8595,Other,Other,Other
8596,Other,illness,growth
8597,Message-Topic,drama,aftermath
8598,Other,power,server
8599,Other,Other,Other
8600,Message-Topic,infantrymen,legion
8601,Other,Other,Other
8602,Cause-Effect,collision,fire
8603,Other,animals,joy
8604,Other,Other,Other
8605,Other,Other,Other
8606,Entity-Destination,candidate,show
8607,Other,Other,Other
8608,Other,Other,Other
8609,Component-Whole,wall,dryer
8610,Other,immigrant,boat
8611,Message-Topic,page,chess
8612,Other,years,taxes
8613,Content-Container,water,bottle
8614,Other,Other,Other
8615,Entity-Destination,girl,danger
8616,Other,Other,Other
8617,Other,brain,drug
8618,Entity-Destination,phone,stage
8619,Entity-Destination,files,folder
8620,Other,camp,gas
8621,Cause-Effect,shipwreck,pollution
8622,Component-Whole,nose,surfboard
8623,Other,Other,Other
8624,Other,Other,Other
8625,Other,Other,Other
8626,Entity-Origin,film,documentary
8627,Other,Other,Other
8628,Other,symposium,institutions
8629,Member-Collection,Archives,26th
8630,Entity-Destination,ingredients,ball
8631,Entity-Destination,deposits,waterwells
8632,Other,prostate,glands
8633,Cause-Effect,pollution,smog
8634,Other,Other,Other
8635,Other,Other,Other
8636,Content-Container,cannabis,suitcase
8637,Other,Other,Other
8638,Other,net,section
8639,Other,topics,categories
8640,Other,ice,mission
8641,Other,powertrain,noise
8642,Product-Producer,blouses,factory
8643,Entity-Destination,Lymphoeytes,lymphatics
8644,Other,Other,Other
8645,Entity-Destination,bundle,skip
8646,Other,phrase,body
8647,Other,diamond,necklace
8648,Component-Whole,awareness,pandemic
8649,Other,player,orchestra
8650,Other,Other,Other
8651,Cause-Effect,journal,approach
8652,Other,Other,Other
8653,Other,studies,evidence
8654,Content-Container,data,tables
8655,Cause-Effect,Wind,erosion
8656,Other,syndicate,buyer
8657,Member-Collection,1784-85,ewer
8658,Other,signal,display
8659,Cause-Effect,mentality,acne
8660,Other,attempts,chapter
8661,Other,Other,Other
8662,Other,benchmarking,range
8663,Entity-Destination,hunter,cave
8664,Other,quality,coopers
8665,Component-Whole,claws,buzzard
8666,Entity-Destination,car,cold
8667,Other,Other,Other
8668,Other,Other,Other
8669,Member-Collection,goods,cache
8670,Entity-Destination,hardwire,human
8671,Other,box,machine
8672,Other,pair,tale
8673,Other,Other,Other
8674,Other,Other,Other
8675,Other,Other,Other
8676,Other,law,registration
8677,Component-Whole,bone,sore
8678,Other,Other,Other
8679,Other,Other,Other
8680,Component-Whole,authorindex,package
8681,Other,fear,darkness
8682,Other,eventually,practices
8683,Other,Other,Other
8684,Component-Whole,door,truck
8685,Instrument-Agency,warehouse,purposes
8686,Other,Other,Other
8687,Other,Other,Other
8688,Entity-Origin,name,goddess
8689,Content-Container,equipment,cabinet
8690,Cause-Effect,earthquake,tsunami
8691,Message-Topic,Gatrell,execution
8692,Other,bed,light
8693,Content-Container,tape,cabinet
8694,Other,programs,format
8695,Content-Container,pizza,trashbag
8696,Other,player,synthesist
8697,Other,shoulder,worker
8698,Entity-Destination,electrodes,brain
8699,Entity-Origin,Mail,city
8700,Other,painter,pencil
8701,Member-Collection,redwoods,grove
8702,Component-Whole,hinge,book
8703,Component-Whole,Picture,dowel
8704,Other,Other,Other
8705,Other,slate,Lopez
8706,Entity-Origin,problems,rain
8707,Content-Container,books,suitcase
8708,Cause-Effect,stress,ulcer
8709,Other,land,mother
8710,Other,participation,inquiry
8711,Other,Other,Other
8712,Entity-Destination,baboons,parties
8713,Other,Other,Other
8714,Member-Collection,projects,committee
8715,Content-Container,money,chest
8716,Other,contention,northeast
8717,Other,Other,Other
8718,Entity-Destination,funds,accounts
8719,Content-Container,recipe,safe
8720,Other,Other,Other
8721,Product-Producer,Work,contractors
8722,Product-Producer,story,guy
8723,Entity-Origin,Technicians,stage
8724,Other,Other,Other
8725,Other,Other,Other
8726,Entity-Destination,stuck,canteen
8727,Product-Producer,mound,male
8728,Other,pail,Milkmaid
8729,Other,Other,Other
8730,Other,player,player
8731,Other,prices,recession
8732,Message-Topic,objects,punks
8733,Entity-Origin,Sinbad,Tales
8734,Entity-Origin,bourbon,barrel
8735,Other,stream,manifold
8736,Content-Container,Lesions,capsule
8737,Instrument-Agency,categories,researcher
8738,Content-Container,money,bag
8739,Other,Other,Other
8740,Cause-Effect,death,cancellation
8741,Other,peacocks,peacocks
8742,Other,man,outlet
8743,Other,cocoa,canteen
8744,Product-Producer,song,rapper
8745,Entity-Origin,problems,policy
8746,Other,Other,Other
8747,Other,moisture,stack
8748,Cause-Effect,bacteria,pneumonia
8749,Other,Other,Other
8750,Other,data,lifestyle
8751,Other,Other,Other
8752,Cause-Effect,water,stain
8753,Other,Other,Other
8754,Cause-Effect,injury,bleeding
8755,Entity-Destination,team,territory
8756,Other,photographer,friend
8757,Entity-Destination,flour,mixing
8758,Entity-Destination,specimens,jar
8759,Message-Topic,chapter,companionship
8760,Other,Other,Other
8761,Entity-Origin,insulin,pancreas
8762,Entity-Origin,insulin,pancreases
8763,Other,boy,basket
8764,Other,disease,caterpillars
8765,Product-Producer,vase,glass-blower
8766,Cause-Effect,missile,hole
8767,Message-Topic,speech,proposals
8768,Message-Topic,films,imaginations
8769,Product-Producer,vaccine,maker
8770,Content-Container,tape,box
8771,Other,invitation,thinnest
8772,Entity-Destination,complexity,mix
8773,Other,Other,Other
8774,Other,light,talent
8775,Component-Whole,ring,perturbations
8776,Other,editor,interface
8777,Content-Container,cream,cup
8778,Component-Whole,screen,computer
8779,Other,silica,Diatoms
8780,Content-Container,medal,box
8781,Message-Topic,book,crisis
8782,Other,tools,data
8783,Entity-Origin,workers,port
8784,Other,maid,yesterd
8785,Other,cleaner,trials
8786,Other,Other,Other
8787,Entity-Origin,fears,week
8788,Product-Producer,books,author
8789,Product-Producer,story,boy
8790,Instrument-Agency,identifier,server
8791,Product-Producer,concrete,workers
8792,Entity-Destination,soldiers,battles
8793,Component-Whole,section,mast
8794,Other,Other,Other
8795,Member-Collection,lions,pride
8796,Product-Producer,deer,tick
8797,Other,Other,Other
8798,Member-Collection,submarines,wolfpack
8799,Component-Whole,post,quote
8800,Entity-Destination,users,responder
8801,Other,employee,person
8802,Other,Other,Other
8803,Other,men,bench
8804,Other,personality,minutiae
8805,Other,bags,chains
8806,Content-Container,weapon,safe
8807,Other,hammer,helve
8808,Component-Whole,nails,hand
8809,Other,Other,Other
8810,Other,Other,Other
8811,Other,Other,Other
8812,Other,utilities,corruption
8813,Instrument-Agency,system,balls
8814,Member-Collection,essays,book
8815,Other,Other,Other
8816,Content-Container,pig,crate
8817,Other,Other,Other
8818,Other,Other,Other
8819,Other,Other,Other
8820,Other,wheel,pin
8821,Other,Other,Other
8822,Other,body,congregation
8823,Other,way,therapist
8824,Other,Other,Other
8825,Entity-Destination,baby,home
8826,Other,courage,evening
8827,Entity-Destination,species,areas
8828,Other,Other,Other
8829,Cause-Effect,creatures,scare
8830,Other,Other,Other
8831,Other,boat,apparatus
8832,Entity-Origin,word,root
8833,Content-Container,butt,crockpot
8834,Other,thesis,paper
8835,Other,cameras,photographers
8836,Entity-Origin,train,airport
8837,Component-Whole,teeth,shark
8838,Other,water,girls
8839,Member-Collection,warlocks,coven
8840,Other,Other,Other
8841,Other,Other,Other
8842,Other,lies,cowardice
8843,Other,coffees,size
8844,Message-Topic,chapter,impact
8845,Other,music,times
8846,Entity-Destination,Arabia,countries
8847,Other,Other,Other
8848,Message-Topic,report,committeeactivities
8849,Other,guests,wedding
8850,Member-Collection,needs,society
8851,Message-Topic,ranches,value
8852,Other,sand,sand
8853,Entity-Origin,name,cartoonseries
8854,Other,Other,Other
8855,Other,winery,blend
8856,Content-Container,chabazite,U-tube
8857,Other,Other,Other
8858,Cause-Effect,outdoor,strain
8859,Cause-Effect,collision,brake
8860,Other,role,general
8861,Other,Other,Other
8862,Entity-Destination,disposes,area
8863,Other,cocaine,brain
8864,Other,areas,kingdom
8865,Component-Whole,railing,bridge
8866,Other,rules,game
8867,Entity-Destination,squatters,building
8868,Component-Whole,greenhouses,farm
8869,Cause-Effect,framers,clauses
8870,Entity-Destination,tube,magnet
8871,Other,issues,coterie
8872,Other,builder,construction
8873,Other,leg,muscles
8874,Message-Topic,project,properties
8875,Entity-Origin,electricity,wind
8876,Member-Collection,snakes,pit
8877,Other,Other,Other
8878,Other,Other,Other
8879,Cause-Effect,exploitation,suffering
8880,Member-Collection,formalism,development
8881,Content-Container,body,drum
8882,Other,maize,spirits
8883,Component-Whole,fence,neighbour
8884,Component-Whole,magnet,magneticmechanism
8885,Other,riots,gangs
8886,Entity-Origin,drug,tablet
8887,Message-Topic,films,results
8888,Other,work,quarrel
8889,Other,Other,Other
8890,Other,literature,neologisms
8891,Content-Container,body,suitcase
8892,Other,Other,Other
8893,Component-Whole,rotors,horses
8894,Other,Other,Other
8895,Other,Other,Other
8896,Other,Other,Other
8897,Component-Whole,birds,tree
8898,Other,chimney,setup
8899,Entity-Origin,jam,Strawberry
8900,Other,Other,Other
8901,Other,Other,Other
8902,Other,league,platform
8903,Entity-Destination,poison,milk
8904,Other,problem,times
8905,Entity-Origin,assignment,newspaper
8906,Other,Other,Other
8907,Other,Other,Other
8908,Component-Whole,talks,contract
8909,Other,Other,Other
8910,Other,Other,Other
8911,Other,Other,Other
8912,Other,weather,conditions
8913,Product-Producer,message,posted
8914,Entity-Destination,key,process
8915,Other,wind,umbrella
8916,Product-Producer,sessions,duo
8917,Other,Other,Other
8918,Other,software,engineer
8919,Message-Topic,discussion,market
8920,Product-Producer,software,company
8921,Other,Other,Other
8922,Product-Producer,film,maker
8923,Other,Other,Other
8924,Other,monk,tablet
8925,Other,president,corporation
8926,Other,Other,Other
8927,Other,agency,founder
8928,Product-Producer,meds,nails
8929,Other,Other,Other
8930,Content-Container,gas,cylinder
8931,Other,Other,Other
8932,Other,plug,nut
8933,Other,cradle,sister
8934,Member-Collection,piglets,farrow
8935,Component-Whole,department,store
8936,Other,point,chain
8937,Product-Producer,election,appointment
8938,Content-Container,polonium,capsule
8939,Entity-Destination,items,store
8940,Cause-Effect,immunizations,fever
8941,Other,plate,designer
8942,Entity-Destination,busloads,contention
8943,Other,sweater,ballet
8944,Other,Other,Other
8945,Member-Collection,Mauritania,region
8946,Entity-Destination,exhibitors,fair
8947,Other,Other,Other
8948,Message-Topic,literature,recognition
8949,Product-Producer,draft,wind
8950,Content-Container,honey,bottle
8951,Other,collision,impact
8952,Other,team,mice
8953,Cause-Effect,buildup,acidity
8954,Instrument-Agency,movements,Americas
8955,Other,wax,workers
8956,Instrument-Agency,devil,author
8957,Member-Collection,leaders,faction
8958,Other,Other,Other
8959,Other,Other,Other
8960,Entity-Destination,troops,areas
8961,Entity-Destination,Highways,disrepair
8962,Component-Whole,door,truck
8963,Other,Other,Other
8964,Other,observations,microscope
8965,Member-Collection,horses,harras
8966,Member-Collection,ducks,raft
8967,Other,people,hunger
8968,Content-Container,clothing,hamper
8969,Product-Producer,recipe,band
8970,Product-Producer,ink,writer
8971,Product-Producer,houses,city
8972,Cause-Effect,pressure,tail
8973,Other,exploration,waters
8974,Cause-Effect,bacteria,diseases
8975,Other,Other,Other
8976,Other,roof,reign
8977,Other,website,student
8978,Entity-Destination,trials,nextday
8979,Other,Other,Other
8980,Message-Topic,discussion,times
8981,Other,sheep,improve
8982,Other,Other,Other
8983,Entity-Destination,posts,installation
8984,Entity-Destination,team,house
8985,Message-Topic,report,impacts
8986,Member-Collection,swordsmen,regiment
8987,Product-Producer,layers,vibronically
8988,Product-Producer,chemical,gland
8989,Cause-Effect,cost,crisis
8990,Entity-Destination,narration,description
8991,Other,blood,clot
8992,Cause-Effect,fireworks,injuries
8993,Other,painting,icon
8994,Instrument-Agency,pages,weather
8995,Other,relationship,chaos
8996,Content-Container,formula,bottle
8997,Other,mop,mess
8998,Other,Other,Other
8999,Other,Other,Other
9000,Content-Container,bomb,player
9001,Content-Container,key,safe
9002,Other,Other,Other
9003,Other,amplifier,flapper
9004,Content-Container,wine,carafe
9005,Other,television,threat
9006,Other,Access,book
9007,Content-Container,spider,glassbox
9008,Other,Other,Other
9009,Other,consist,facilities
9010,Other,Other,Other
9011,Other,producer,operator
9012,Other,Other,Other
9013,Other,Other,Other
9014,Member-Collection,chickenpox,illness
9015,Cause-Effect,sun,wrinkles
9016,Other,filters,dependencies
9017,Entity-Origin,ship,port
9018,Other,disturbances,erosion
9019,Other,Other,Other
9020,Other,scholarships,group
9021,Product-Producer,policeman,force
9022,Other,Other,Other
9023,Content-Container,instrument,polyethylenebag
9024,Content-Container,camera,suitcase
9025,Instrument-Agency,mutation,mosaicism
9026,Entity-Origin,citation,books
9027,Entity-Origin,ship,harbour
9028,Other,cases,Considerations
9029,Component-Whole,heads,Birds
9030,Other,Other,Other
9031,Other,Other,Other
9032,Other,wife,movement
9033,Other,list,man
9034,Other,Other,Other
9035,Content-Container,disguise,bin
9036,Other,do-it-yourselfer,cutter
9037,Entity-Destination,athlete,hurdle
9038,Entity-Destination,tape,handycam
9039,Entity-Destination,organisms,areas
9040,Other,Other,Other
9041,Entity-Origin,gelatin,animal
9042,Other,Other,Other
9043,Content-Container,drug,bottle
9044,Content-Container,milk,bottle
9045,Content-Container,money,suitcase
9046,Product-Producer,wiki,Students
9047,Product-Producer,conceded,leaders
9048,Entity-Destination,dollars,economy
9049,Other,student,organization
9050,Message-Topic,controversy,intelligence
9051,Other,Other,Other
9052,Instrument-Agency,junk,boy
9053,Other,Other,Other
9054,Component-Whole,bills,tax
9055,Cause-Effect,implies,deleveraging
9056,Other,water,dollar
9057,Other,Other,Other
9058,Other,ordinance,members
9059,Other,Other,Other
9060,Entity-Destination,substance,cytoplasm
9061,Entity-Destination,water,tank
9062,Other,Other,Other
9063,Message-Topic,debate,chestnut
9064,Other,Other,Other
9065,Entity-Origin,woman,family
9066,Member-Collection,doves,bevy
9067,Entity-Origin,pie,sky
9068,Component-Whole,virus,pandemic
9069,Member-Collection,mechanics,clutch
9070,Component-Whole,spring,device
9071,Product-Producer,combination,company
9072,Other,team,flurry
9073,Cause-Effect,steam,burns
9074,Message-Topic,dispute,land
9075,Member-Collection,peoples,confederation
9076,Entity-Destination,Nitrogen,remotelakes
9077,Instrument-Agency,motion,dog
9078,Other,cell,spacecraft
9079,Other,Other,Other
9080,Other,supporters,camaraderie
9081,Other,Methadone,too
9082,Content-Container,handgun,safe
9083,Cause-Effect,cyclone,flooding
9084,Other,Other,Other
9085,Product-Producer,novel,poet
9086,Other,holes,lid
9087,Cause-Effect,Fog,delays
9088,Other,locations,handful
9089,Other,posts,administration
9090,Other,Other,Other
9091,Entity-Destination,bio-energetics,bio-magnification
9092,Entity-Origin,hurts,memories
9093,Other,academic,include
9094,Entity-Destination,convention,reserve
9095,Other,ideas,issue
9096,Other,pig,man
9097,Instrument-Agency,bus,officers
9098,Other,mother,raft
9099,Other,capsule,station
9100,Other,organisation,laboratory
9101,Other,president,corporation
9102,Member-Collection,archers,Archers
9103,Content-Container,skeleton,tombunearthed
9104,Member-Collection,swans,squadron
9105,Product-Producer,lion,paw
9106,Entity-Destination,money,artwork
9107,Entity-Destination,request,moderator
9108,Other,Other,Other
9109,Other,Other,Other
9110,Other,stricture,accompanying
9111,Cause-Effect,burns,scars
9112,Other,Other,Other
9113,Other,hole,lid
9114,Other,dossier,official
9115,Other,phrase,e-mail
9116,Instrument-Agency,weapons,gunman
9117,Entity-Destination,buns,steamer
9118,Other,Other,Other
9119,Cause-Effect,Dehydration,death
9120,Product-Producer,software,developer
9121,Product-Producer,statue,artist
9122,Entity-Destination,composition,capsule
9123,Product-Producer,book,friend
9124,Member-Collection,wipes,baby
9125,Entity-Origin,ship,port
9126,Member-Collection,oxbirds,fling
9127,Other,country,method
9128,Cause-Effect,toxins,sickness
9129,Content-Container,reel,can
9130,Other,staff,hospital
9131,Cause-Effect,Accident,delays
9132,Other,learning,tradition
9133,Other,user,button
9134,Component-Whole,plate,electroscope
9135,Instrument-Agency,crayons,artist
9136,Cause-Effect,earthquake,fire
9137,Other,building,hostel
9138,Component-Whole,blade,sword
9139,Cause-Effect,crisis,suffering
9140,Other,Other,Other
9141,Other,Other,Other
9142,Entity-Destination,file,folder
9143,Other,Other,Other
9144,Other,goods,person
9145,Other,question,rating
9146,Cause-Effect,fungus,infection
9147,Cause-Effect,infection,Tonsillitis
9148,Cause-Effect,spasm,Hiccups
9149,Other,Other,Other
9150,Other,electricity,companies
9151,Other,saint,emphasis
9152,Content-Container,teeth,gear
9153,Other,Other,Other
9154,Other,approach,aircraft
9155,Member-Collection,moments,array
9156,Other,Other,Other
9157,Other,Other,Other
9158,Content-Container,Cocaine,exported
9159,Content-Container,puppy,garbagebag
9160,Entity-Origin,people,department
9161,Cause-Effect,Landslides,majority
9162,Other,name,references
9163,Cause-Effect,Rain,poweroutage
9164,Message-Topic,speech,critics
9165,Other,Other,Other
9166,Component-Whole,memory,machine
9167,Message-Topic,cream,irritation
9168,Cause-Effect,people,humiliation
9169,Instrument-Agency,exhibition,contacts
9170,Other,apprenticeship,initiations
9171,Cause-Effect,visit,sensation
9172,Other,reaction,electrodes
9173,Other,Other,Other
9174,Member-Collection,papers,abstracts
9175,Entity-Origin,virus,bird
9176,Entity-Origin,funding,newspaper
9177,Other,Other,Other
9178,Other,cabinet,atlas
9179,Cause-Effect,swelling,irritation
9180,Other,person,email
9181,Cause-Effect,nitrite,degradation
9182,Entity-Origin,quotes,movies
9183,Component-Whole,carseat,baby
9184,Content-Container,bringing,scuttle
9185,Other,drift,surface
9186,Other,petition,oil
9187,Component-Whole,superfluity,priests
9188,Entity-Origin,flour,wheat
9189,Entity-Destination,voters,booths
9190,Other,assignment,controversy
9191,Other,Other,Other
9192,Other,medium,layer
9193,Other,dispute,tribunal
9194,Other,cantonment,political
9195,Other,Nielsen,advice
9196,Other,Other,Other
9197,Entity-Destination,Dioxide,atmosphere
9198,Member-Collection,eating,mutation
9199,Other,discussion,workshop
9200,Product-Producer,recovery,numbers
9201,Other,cattle,ages
9202,Other,Other,Other
9203,Component-Whole,button,radio
9204,Instrument-Agency,window,building
9205,Other,emulator,technician
9206,Entity-Origin,starch,wheat
9207,Component-Whole,shank,hook
9208,Product-Producer,chocolate,Death
9209,Entity-Origin,dataset,documents
9210,Component-Whole,carriages,train
9211,Other,Other,Other
9212,Other,bread,mouse
9213,Component-Whole,abuse,brain
9214,Instrument-Agency,wing,bird
9215,Instrument-Agency,there,bootlegger
9216,Other,Other,Other
9217,Other,Other,Other
9218,Entity-Destination,code,process
9219,Instrument-Agency,oxytocin,man
9220,Other,fire,area
9221,Cause-Effect,quake,harm
9222,Entity-Destination,tritium,water
9223,Other,approach,developer
9224,Other,ear,infections
9225,Entity-Origin,gas,algae
9226,Cause-Effect,units,disease
9227,Other,disorders,Diabetes
9228,Other,Other,Other
9229,Other,ship,ship
9230,Other,tool,rivet
9231,Entity-Destination,butterfly,patio
9232,Other,daughter,coma
9233,Other,Other,Other
9234,Cause-Effect,production,variations
9235,Other,Other,Other
9236,Other,Other,Other
9237,Other,book,introduction
9238,Other,strokes,brush
9239,Other,creator,Microsoft
9240,Entity-Origin,evidence,cohortstudy
9241,Other,box,meal
9242,Other,Intuitively,stack
9243,Other,tank,resident
9244,Other,castle,maps
9245,Entity-Destination,balm,soul
9246,Other,man,custody
9247,Entity-Destination,tears,river
9248,Entity-Destination,reservoir,operation
9249,Other,act,tidbits
9250,Other,trunks,cracks
9251,Other,Other,Other
9252,Other,Other,Other
9253,Product-Producer,statement,leadership
9254,Member-Collection,fish,shoal
9255,Content-Container,wine,can
9256,Cause-Effect,jam,delay
9257,Message-Topic,journal,reviews
9258,Other,challenges,immigrants
9259,Cause-Effect,growth,bloodshed
9260,Other,correspondence,cheque
9261,Cause-Effect,class,benefits
9262,Other,flink,person
9263,Other,Other,Other
9264,Other,trees,Tree
9265,Instrument-Agency,gas,firearms
9266,Other,Other,Other
9267,Other,process,dissemination
9268,Other,Other,Other
9269,Cause-Effect,preamble,benefits
9270,Instrument-Agency,bone,witch
9271,Entity-Origin,biosurfactant,vegetable
9272,Instrument-Agency,steps,subjects
9273,Content-Container,91,bottle
9274,Entity-Destination,letter,group
9275,Other,Other,Other
9276,Other,Other,Other
9277,Message-Topic,tribes,tepees
9278,Other,Other,Other
9279,Entity-Destination,boat,beach
9280,Cause-Effect,accident,anxiety
9281,Other,Other,Other
9282,Other,Other,Other
9283,Other,room,corner
9284,Other,Other,Other
9285,Other,IOU,cabinet
9286,Other,policeman,force
9287,Entity-Origin,oil,sunflower
9288,Instrument-Agency,area,areas
9289,Other,Other,Other
9290,Other,Other,Other
9291,Instrument-Agency,bat,man
9292,Content-Container,remnants,box
9293,Other,Other,Other
9294,Member-Collection,cats,clowder
9295,Other,casing,injuries
9296,Entity-Origin,soul,body
9297,Entity-Destination,control,water
9298,Member-Collection,books,groups
9299,Entity-Origin,energy,charge
9300,Other,Other,Other
9301,Other,hornets,nest
9302,Instrument-Agency,pressure,pump
9303,Other,dutifully,camels
9304,Other,Other,Other
9305,Other,chocolate,cocoabutter
9306,Entity-Destination,niece,apartment
9307,Other,Other,Other
9308,Other,Other,Other
9309,Cause-Effect,cosmetics,acne
9310,Member-Collection,astronomers,collaboration
9311,Cause-Effect,Christ,light
9312,Other,reacts,catch
9313,Other,jacket,sleeve
9314,Other,idea,garden
9315,Other,Other,Other
9316,Component-Whole,gremlin,bus
9317,Instrument-Agency,knife,man
9318,Entity-Destination,stone,cup
9319,Other,Other,Other
9320,Cause-Effect,earthquake,damage
9321,Message-Topic,dialogue,impact
9322,Product-Producer,plans,bank
9323,Entity-Origin,light,turrets
9324,Other,Other,Other
9325,Other,marsh,women
9326,Other,woman,village
9327,Message-Topic,questions,Americans
9328,Other,loss,opinion
9329,Other,Other,Other
9330,Other,Other,Other
9331,Other,mover,hamburger
9332,Other,designated,wallet
9333,Message-Topic,book,website
9334,Other,case,freshly
9335,Entity-Destination,chemicals,river
9336,Other,reversal,team
9337,Component-Whole,keys,script
9338,Other,blog,preview
9339,Other,informed,radio
9340,Other,claim,convict
9341,Other,chest,armor
9342,Other,eyes,irritation
9343,Entity-Origin,flakeboard,posts
9344,Other,troop,princesses
9345,Content-Container,marijuana,plasticbag
9346,Component-Whole,thermostat,refrigerator
9347,Other,over-leveraged,crisis
9348,Product-Producer,hormone,pituitary
9349,Other,researcher,programme
9350,Other,narrow,landscapes
9351,Other,Other,Other
9352,Other,heat,metamorphism
9353,Instrument-Agency,trade,engineers
9354,Other,chiefs,phalanx
9355,Entity-Origin,draws,fieldresearch
9356,Other,strip,architect
9357,Cause-Effect,stress,fever
9358,Other,aircraft,flight
9359,Entity-Origin,recipe,friends
9360,Other,mastiffs,homes
9361,Component-Whole,pin,potentiometer
9362,Member-Collection,pheasants,nide
9363,Product-Producer,statement,topics
9364,Other,Other,Other
9365,Content-Container,golddust,bottle
9366,Other,collapse,concrete
9367,Other,30-35,committee
9368,Other,question,Coppola
9369,Other,membrane,nose
9370,Cause-Effect,change,monsoons
9371,Other,Other,Other
9372,Other,Other,Other
9373,Cause-Effect,fear,anger
9374,Other,helmets,padding
9375,Entity-Destination,letters,addresses
9376,Other,utensils,kitchen
9377,Component-Whole,paint,shop
9378,Cause-Effect,use,damage
9379,Other,diarrhea,symptoms
9380,Entity-Destination,device,port
9381,Other,market,workshop
9382,Other,comedy,joke
9383,Other,Other,Other
9384,Other,Other,Other
9385,Component-Whole,ring,cistern
9386,Other,Other,Other
9387,Component-Whole,length,arm
9388,Other,collaborative,company
9389,Entity-Destination,people,areas
9390,Product-Producer,decedent,company
9391,Cause-Effect,opening,sound
9392,Other,bicentenary,birth
9393,Message-Topic,page,list
9394,Cause-Effect,fault,blaze
9395,Component-Whole,EMC,bean
9396,Other,Other,Other
9397,Entity-Destination,merger,opposition
9398,Other,hydraulic,valve
9399,Other,head,mob
9400,Other,computer,area
9401,Other,game,details
9402,Cause-Effect,fire,debris
9403,Other,Other,Other
9404,Other,paylines,machine
9405,Component-Whole,rod,hydrauliccylinder
9406,Other,months,reviews
9407,Entity-Origin,wine,Jug
9408,Other,ice,paddle
9409,Other,science,generation
9410,Member-Collection,flours,significance
9411,Other,air,engine
9412,Other,Other,Other
9413,Other,allegory,basket
9414,Other,Other,Other
9415,Other,Other,Other
9416,Entity-Destination,daughter,father
9417,Component-Whole,pump,laser
9418,Other,species,forest
9419,Other,Other,Other
9420,Other,Other,Other
9421,Other,newly,starch
9422,Other,company,employee
9423,Other,oaktree,woods
9424,Other,Other,Other
9425,Other,Other,Other
9426,Entity-Destination,catheter,artery
9427,Cause-Effect,vaccines,fever
9428,Product-Producer,decision,maker
9429,Entity-Destination,bodies,barrels
9430,Other,Other,Other
9431,Other,Other,Other
9432,Message-Topic,report,climate
9433,Other,tree,woods
9434,Cause-Effect,skin,Acne
9435,Other,Other,Other
9436,Content-Container,movie,box
9437,Other,magazines,subscribers
9438,Cause-Effect,Excess,acne
9439,Entity-Destination,bottlecarrier,canteen
9440,Other,sandalwood,soil
9441,Component-Whole,coil,turns
9442,Message-Topic,sheets,aspects
9443,Instrument-Agency,art,project
9444,Product-Producer,flurry,squads
9445,Component-Whole,tank,fuselage
9446,Other,rabble,persons
9447,Other,receptacle,dish
9448,Other,Other,Other
9449,Other,pillow,foam
9450,Product-Producer,Pettway,government
9451,Member-Collection,books,pile
9452,Other,Other,Other
9453,Entity-Origin,remnant,epochs
9454,Instrument-Agency,keyframe,player
9455,Other,fleet,ship
9456,Other,blogs,life
9457,Other,Other,Other
9458,Other,Other,Other
9459,Product-Producer,categories,nationals
9460,Instrument-Agency,water,ocean
9461,Other,depression,mother
9462,Other,hill,troop
9463,Other,cask,syrup
9464,Cause-Effect,refraction,rainbows
9465,Other,study,chart
9466,Other,maker,butcher
9467,Cause-Effect,storm,cancellation
9468,Other,parade,event
9469,Cause-Effect,flood,harm
9470,Product-Producer,book,history
9471,Entity-Destination,vinyl,sleeve
9472,Other,charities,countries
9473,Entity-Origin,mustard,mustard
9474,Other,Other,Other
9475,Content-Container,milk,sack
9476,Message-Topic,work,themes
9477,Other,Other,Other
9478,Other,archers,archers
9479,Component-Whole,skin,face
9480,Other,Other,Other
9481,Other,Other,Other
9482,Other,data,batteries
9483,Product-Producer,bomb,fruit
9484,Component-Whole,burner,dryer
9485,Other,flipper,platform
9486,Other,vessels,offices
9487,Other,door,handle
9488,Other,Other,Other
9489,Cause-Effect,prostaglandins,contractions
9490,Other,pleasure,pain
9491,Other,folks,lens
9492,Entity-Destination,politicians,zone
9493,Content-Container,soup,chicken
9494,Cause-Effect,cigarette,alarm
9495,Other,political,magazine
9496,Other,casket,casket
9497,Other,banquet,window
9498,Other,reconstruction,man
9499,Product-Producer,literature,1497
9500,Other,Other,Other
9501,Content-Container,body,suitcase
9502,Other,Other,Other
9503,Instrument-Agency,eye,abridger
9504,Other,flu,emergency
9505,Entity-Destination,Rumors,public
9506,Entity-Destination,book,cupboard
9507,Content-Container,infant,box
9508,Cause-Effect,complications,deaths
9509,Instrument-Agency,brood,fisherman
9510,Other,trail,village
9511,Other,trouble,pilots
9512,Other,Other,Other
9513,Other,maker,chief
9514,Other,grandmother,recipe
9515,Cause-Effect,heat,steam
9516,Entity-Origin,Recall,event
9517,Other,disability,clergy
9518,Member-Collection,turkeys,dule
9519,Cause-Effect,gas,shifts
9520,Other,book,teacher
9521,Message-Topic,declaration,CornishPirates
9522,Content-Container,water,carafe
9523,Member-Collection,stairs,flight
9524,Cause-Effect,Lesions,predominating
9525,Other,childhood,initiative
9526,Other,analysis,book
9527,Other,publication,month
9528,Other,reliquary,chip
9529,Entity-Destination,blank,carton
9530,Other,Other,Other
9531,Entity-Destination,fluid,body
9532,Other,storm,princess
9533,Entity-Destination,oliveoil,salad
9534,Content-Container,acid,bottle
9535,Other,Other,Other
9536,Other,Other,Other
9537,Other,Other,Other
9538,Other,teaching,letter
9539,Entity-Destination,projects,markets
9540,Other,blouse,sleeve
9541,Other,law,Members
9542,Cause-Effect,congestion,delays
9543,Other,Other,Other
9544,Other,Other,Other
9545,Other,Other,Other
9546,Other,fish,catch
9547,Cause-Effect,program,notes
9548,Other,Other,Other
9549,Other,Other,Other
9550,Product-Producer,novels,critic
9551,Other,Other,Other
9552,Other,velocity,cut
9553,Member-Collection,verses,mass
9554,Entity-Destination,text,textbox
9555,Instrument-Agency,drill,dentist
9556,Other,station,competition
9557,Member-Collection,parts,proverb
9558,Other,computer,icon
9559,Other,electrodes,plasma
9560,Entity-Origin,artwork,evening
9561,Component-Whole,indicator,bus
9562,Other,round,horn
9563,Other,Other,Other
9564,Component-Whole,chapters,storylines
9565,Component-Whole,padlock,monkey
9566,Message-Topic,book,origins
9567,Other,methods,paper
9568,Other,coffee,coffee
9569,Member-Collection,women,ensemble
9570,Member-Collection,monsters,zoo
9571,Other,blower,caisson
9572,Other,Other,Other
9573,Other,Other,Other
9574,Other,Other,Other
9575,Product-Producer,lathe,holder
9576,Member-Collection,bankruptcies,series
9577,Cause-Effect,cocaine,bloodvessels
9578,Other,building,man
9579,Other,Other,Other
9580,Cause-Effect,engines,locomotives
9581,Entity-Destination,house,canister
9582,Other,glitch,voltage
9583,Other,complex,shop
9584,Instrument-Agency,hackers,horde
9585,Other,Other,Other
9586,Entity-Destination,recordings,publicdomain
9587,Other,book,science
9588,Member-Collection,guns,brigade
9589,Other,Other,Other
9590,Product-Producer,pointer,artist
9591,Other,Other,Other
9592,Other,clamour,place
9593,Entity-Destination,grenade,crowd
9594,Other,pen,sword
9595,Product-Producer,baboons,researcher
9596,Other,Other,Other
9597,Cause-Effect,smoke,coughing
9598,Entity-Destination,trampolinedata,section
9599,Other,character-compeers,compeers
9600,Other,species,mouth
9601,Entity-Destination,vaccine,outbreak
9602,Member-Collection,flutes,communion
9603,Other,edge,dishwasher
9604,Content-Container,items,suitcase
9605,Other,substance,tests
9606,Entity-Origin,gasoline,weeks
9607,Cause-Effect,document,reduction
9608,Product-Producer,media,pleasure
9609,Other,Other,Other
9610,Other,report,report
9611,Other,Other,Other
9612,Other,Other,Other
9613,Other,vest,uniform
9614,Other,Other,Other
9615,Other,Warning,dangers
9616,Instrument-Agency,Residencia,Dali
9617,Product-Producer,bladder,sonar
9618,Cause-Effect,impact,slit
9619,Member-Collection,pixel,menage
9620,Entity-Destination,effort,development
9621,Other,Other,Other
9622,Other,officers,leave
9623,Other,Other,Other
9624,Other,Other,Other
9625,Other,cookies,cookies
9626,Other,graph,format
9627,Instrument-Agency,axe,axe
9628,Other,Other,Other
9629,Content-Container,baby,drawer
9630,Other,Other,Other
9631,Component-Whole,work,metro
9632,Entity-Destination,Victims,emergencyroom
9633,Product-Producer,news,networks
9634,Other,sand,sand
9635,Other,Other,Other
9636,Entity-Destination,marines,towns
9637,Entity-Destination,plane,dive
9638,Other,company,jobs
9639,Content-Container,bomb,bin
9640,Other,Other,Other
9641,Message-Topic,recovery,owners
9642,Other,Other,Other
9643,Other,structure,group
9644,Other,head,jar
9645,Other,chair,corporation
9646,Cause-Effect,recession,drop
9647,Cause-Effect,virus,pandemic
9648,Other,802,band
9649,Entity-Origin,acids,compounds
9650,Other,Other,Other
9651,Other,officer,forces
9652,Product-Producer,speech,executive
9653,Message-Topic,article,tragedy
9654,Entity-Destination,material,suburb
9655,Entity-Origin,term,same-edne
9656,Other,serum,brined
9657,Other,Other,Other
9658,Other,Other,Other
9659,Other,list,color
9660,Message-Topic,discussion,model
9661,Product-Producer,body,body
9662,Other,Other,Other
9663,Other,Other,Other
9664,Other,Other,Other
9665,Component-Whole,roof,supermarket
9666,Product-Producer,reaction,contestant
9667,Other,Other,Other
9668,Other,Other,Other
9669,Other,window,student
9670,Other,style,Personality
9671,Other,holes,course
9672,Cause-Effect,irritants,Acne
9673,Other,Other,Other
9674,Other,verbalizations,questions
9675,Entity-Destination,Climatechange,overtime
9676,Other,workers,factories
9677,Member-Collection,foundation,library
9678,Component-Whole,mouth,cave
9679,Member-Collection,country,plains
9680,Product-Producer,ShiJing,anthology
9681,Cause-Effect,Sadness,dissatisfaction
9682,Other,Other,Other
9683,Other,Other,Other
9684,Other,knife,hinge
9685,Content-Container,baby,foot
9686,Other,Other,Other
9687,Other,Other,Other
9688,Other,shots,frustration
9689,Product-Producer,dreadful,screaming
9690,Other,Other,Other
9691,Other,Other,Other
9692,Other,Other,Other
9693,Content-Container,body,cask
9694,Other,Other,Other
9695,Other,fan,idea
9696,Component-Whole,glands,ducks
9697,Other,Other,Other
9698,Cause-Effect,meteor,crash
9699,Other,Other,Other
9700,Component-Whole,muscle,body
9701,Other,houses,house
9702,Cause-Effect,man,coughing
9703,Other,supremecourt,states
9704,Member-Collection,heterologous,blastocyst
9705,Component-Whole,pipe,invention
9706,Other,water,tail
9707,Other,tigers,hunting
9708,Other,leader,organization
9709,Other,Other,Other
9710,Other,Other,Other
9711,Product-Producer,report,researchers
9712,Other,joy,wings
9713,Other,rear,producers
9714,Other,Other,Other
9715,Other,Other,Other
9716,Member-Collection,baboons,congress
9717,Other,patient,coma
9718,Cause-Effect,flu,disease
9719,Cause-Effect,accident,evacuation
9720,Other,Other,Other
9721,Other,flooding,shock
9722,Component-Whole,coil,handpiece
9723,Other,embryo,fetus
9724,Other,controversy,speech
9725,Cause-Effect,muscles,tension
9726,Cause-Effect,ticks,rashes
9727,Entity-Destination,plane,river
9728,Other,slope,gradual
9729,Other,dispute,letter
9730,Other,violation,raid
9731,Other,Other,Other
9732,Other,keyboard,paint
9733,Other,meeting,Copy
9734,Other,speech,labour
9735,Other,Other,Other
9736,Other,Other,Other
9737,Other,nature,disarray
9738,Other,grief,fighting
9739,Cause-Effect,stress,anxiety
9740,Other,Other,Other
9741,Other,letter,fairly
9742,Other,instructions,letter
9743,Message-Topic,book,debate
9744,Other,Other,Other
9745,Other,Other,Other
9746,Other,Other,Other
9747,Other,league,parts
9748,Other,ideas,analysis
9749,Other,Other,Other
9750,Member-Collection,surgeon,team
9751,Other,Other,Other
9752,Member-Collection,murderers,cabal
9753,Other,garden,box
9754,Other,Other,Other
9755,Other,Other,Other
9756,Message-Topic,report,derailment
9757,Cause-Effect,thirty,devastation
9758,Other,conference,roundtables
9759,Content-Container,cocaine,suitcase
9760,Other,Other,Other
9761,Entity-Destination,cockatiel,morning
9762,Content-Container,plasma,apparatus
9763,Other,ideas,sketch
9764,Other,Other,Other
9765,Entity-Destination,funds,schemes
9766,Other,clothing,head
9767,Product-Producer,error,flexibility
9768,Other,Other,Other
9769,Other,book,article
9770,Other,gun,mechanism
9771,Other,Other,Other
9772,Other,pillow,mother
9773,Other,overseas,order
9774,Other,turkey,basket
9775,Message-Topic,matter,blackhole
9776,Message-Topic,guide,issues
9777,Product-Producer,report,firm
9778,Other,Other,Other
9779,Cause-Effect,osteoarthitis,Joint
9780,Entity-Destination,lactoferrin,blood
9781,Other,examination,head
9782,Entity-Origin,locomotive,station
9783,Other,studies,archives
9784,Component-Whole,radioactivematerial,warning
9785,Content-Container,money,safe
9786,Entity-Destination,flame,turnip
9787,Product-Producer,tutorial,Levine
9788,Component-Whole,chain,necklace
9789,Product-Producer,giraffes,warts
9790,Other,infestation,lice
9791,Component-Whole,photos,journal
9792,Other,Other,Other
9793,Other,blog,title
9794,Instrument-Agency,flu,mask
9795,Other,mechanism,oilbath
9796,Other,Other,Other
9797,Other,directory,file
9798,Message-Topic,document,proceeding
9799,Other,plot,files
9800,Entity-Origin,train,station
9801,Entity-Destination,troops,region
9802,Other,Other,Other
9803,Other,spring,trip
9804,Entity-Destination,stone,freshly
9805,Content-Container,cognac,bottle
9806,Other,memories,cottage
9807,Other,scientists,academic
9808,Other,leader,police
9809,Content-Container,chickens,box
9810,Component-Whole,clerk,shop
9811,Cause-Effect,accident,snarl
9812,Instrument-Agency,pressure,process
9813,Member-Collection,rabbits,colony
9814,Entity-Destination,oilpainting,frame
9815,Other,country,man
9816,Other,trade,statute
9817,Other,Other,Other
9818,Other,negligence,injury
9819,Entity-Origin,train,tunnel
9820,Other,maker,sculptor
9821,Other,flowed,curate
9822,Other,Other,Other
9823,Other,shaman,herbs
9824,Other,Other,Other
9825,Product-Producer,Oldman,boars
9826,Member-Collection,bottlenosedolphins,pod
9827,Product-Producer,song,group
9828,Cause-Effect,interferon,fever
9829,Other,Other,Other
9830,Cause-Effect,shoes,Pressure
9831,Other,rat,cell
9832,Other,team,tsunami
9833,Other,Other,Other
9834,Content-Container,scientists,jar
9835,Other,oeuvre,poet
9836,Other,veto,president
9837,Other,Other,Other
9838,Other,countries,history
9839,Other,science,roles
9840,Other,Other,Other
9841,Other,mail,Cancellations
9842,Product-Producer,world,collapse
9843,Other,Other,Other
9844,Other,composition,method
9845,Component-Whole,creator,computer
9846,Other,cornucopia,bookreviews
9847,Cause-Effect,rains,mother
9848,Other,umpire,game
9849,Product-Producer,term,physicist
9850,Other,background,guards
9851,Other,buses,hour
9852,Other,Other,Other
9853,Other,pasture,poultry
9854,Entity-Destination,sketch,cardboardsleeve
9855,Content-Container,liter,flask
9856,Other,Other,Other
9857,Product-Producer,software,developer
9858,Other,scene,bag
9859,Other,aqueous,micelle
9860,Cause-Effect,cathode,beam
9861,Message-Topic,book,storage
9862,Other,Eupalinos,engineer
9863,Product-Producer,pledge,party
9864,Entity-Destination,slices,meals
9865,Member-Collection,swordsmen,legion
9866,Other,caisson,high
9867,Cause-Effect,quake,fire
9868,Other,film,song
9869,Other,Other,Other
9870,Other,Other,Other
9871,Member-Collection,Seismologists,swarm
9872,Other,people,viruses
9873,Other,administration,income
9874,Entity-Destination,integrated,school
9875,Cause-Effect,waste,devastation
9876,Other,procession,places
9877,Member-Collection,hens,huddle
9878,Other,president,bankruptcy
9879,Other,humidor,cigars
9880,Other,Other,Other
9881,Other,Other,Other
9882,Content-Container,water,beaker
9883,Other,Other,Other
9884,Other,Other,Other
9885,Other,subsidies,stud
9886,Other,Other,Other
9887,Member-Collection,leader,society
9888,Instrument-Agency,moisturizers,metrosexuals
9889,Member-Collection,grenadiers,legion
9890,Other,chairman,staff
9891,Other,Other,Other
9892,Other,rig,system
9893,Other,meatballs,ground
9894,Other,partners,producer
9895,Message-Topic,instrument,vacuumchamber
9896,Entity-Destination,pact,effect
9897,Cause-Effect,container,chamber
9898,Other,Other,Other
9899,Other,center,profit
9900,Cause-Effect,industry,damage
9901,Cause-Effect,pollution,smog
9902,Instrument-Agency,nanoparticle,team
9903,Other,phrase,argument
9904,Other,salt,seawater
9905,Other,Other,Other
9906,Other,Other,Other
9907,Other,metal,float
9908,Other,idea,daughter
9909,Entity-Origin,cookies,recipe
9910,Message-Topic,book,information
9911,Entity-Destination,server,prefetching
9912,Entity-Destination,bible,deskdrawer
9913,Content-Container,rabbit,carafe
9914,Message-Topic,article,findings
9915,Other,Sets,letters
9916,Other,sculpture,creations
9917,Member-Collection,associations,federation
9918,Cause-Effect,drinking,disorders
9919,Other,Other,Other
9920,Component-Whole,pocket,jeans
9921,Member-Collection,particles,swarm
9922,Entity-Origin,drug,surfaces
9923,Component-Whole,heel,foot
9924,Instrument-Agency,Beavers,float
9925,Other,flows,valves
9926,Other,Other,Other
9927,Content-Container,information,files
9928,Member-Collection,century,crypt
9929,Other,Other,Other
9930,Other,boat,cocaine
9931,Other,Other,Other
9932,Other,Other,Other
9933,Other,Other,Other
9934,Entity-Destination,water,crack
9935,Member-Collection,topics,array
9936,Member-Collection,rhinoceroses,crash
9937,Other,Other,Other
9938,Other,kerosene,bottle
9939,Entity-Destination,forkful,mouth
9940,Content-Container,clothes,suitcase
9941,Entity-Origin,room,side
9942,Other,continent,conquest
9943,Other,debate,conference
9944,Other,confirmed,discussion
9945,Other,person,brakes
9946,Entity-Destination,rain,downtown
9947,Other,flour,oil
9948,Other,Other,Other
9949,Other,Other,Other
9950,Entity-Destination,mails,spamfolder
9951,Entity-Destination,yeast,tubes
9952,Entity-Origin,acid,dextrose
9953,Content-Container,laptopcomputer,wallet
9954,Other,Other,Other
9955,Other,nations,pillow
9956,Entity-Origin,blog,community
9957,Product-Producer,pin,display
9958,Other,Other,Other
9959,Other,Other,Other
9960,Other,orbit,launch
9961,Other,Other,Other
9962,Other,theory,scholar
9963,Other,Other,Other
9964,Entity-Destination,hall,disuse
9965,Cause-Effect,closure,backup
9966,Message-Topic,publications,sculpture
9967,Entity-Destination,CIP,projects
9968,Instrument-Agency,blade,motor
9969,Other,sewer,covers
9970,Component-Whole,hilt,katana
9971,Other,Other,Other
9972,Cause-Effect,tsunami,devastation
9973,Entity-Origin,Scars,happen
9974,Member-Collection,grits,mess
9975,Cause-Effect,factory,maker
9976,Other,Other,Other
9977,Other,activities,coalition
9978,Component-Whole,side,shark
9979,Member-Collection,geese,skein
9980,Entity-Destination,firedrug,tubes
9981,Other,Other,Other
9982,Member-Collection,musketeers,battalion
9983,Cause-Effect,blockade,crisis
9984,Other,Other,Other
9985,Other,factory,Researchers
9986,Other,Other,Other
9987,Product-Producer,material,industry
9988,Entity-Destination,candidate,race
9989,Other,Other,Other
9990,Member-Collection,bus,deck
9991,Entity-Destination,debris,bag
9992,Other,close-up,maintenance
9993,Cause-Effect,hand,photograph
9994,Message-Topic,speech,country
9995,Other,Other,Other
9996,Other,work,phonograph
9997,Other,air,oil
9998,Other,whether,music
9999,Instrument-Agency,spanner,mechanic
10000,Other,landscape,artworks
10001,Cause-Effect,mishandling,weapons
10002,Entity-Destination,guns,bar
10003,Instrument-Agency,mask,worker
10004,Other,creditors,committee
10005,Other,Other,Other
10006,Other,child,candies
10007,Other,Other,Other
10008,Other,ion,acid
10009,Other,Other,Other
10010,Cause-Effect,quake,boom
10011,Member-Collection,independent,collective
10012,Entity-Destination,settlers,regions
10013,Other,Products,disuse
10014,Other,belt,package
10015,Entity-Destination,installation,week
10016,Entity-Origin,images,program
10017,Other,study,organisation
10018,Entity-Destination,text,files
10019,Entity-Destination,people,bankruptcy
10020,Other,body,man
10021,Other,Other,Other
10022,Other,papers,book
10023,Other,Other,Other
10024,Component-Whole,generator,car
10025,Other,car,driver
10026,Other,talk,operations
10027,Member-Collection,mallards,sord
10028,Other,Other,Other
10029,Other,states,brotherhood
10030,Other,Menon,anthology
10031,Content-Container,smoke,kitchen
10032,Content-Container,pen,deskdrawer
10033,Other,Other,Other
10034,Instrument-Agency,mixture,media
10035,Other,ties,era
10036,Cause-Effect,smoking,coughing
10037,Entity-Destination,ship,river
10038,Cause-Effect,governments,delays
10039,Cause-Effect,bacteria,illness
10040,Other,appendix,explanation
10041,Entity-Destination,auditors,pre-selectedlocations
10042,Member-Collection,data,comprise
10043,Other,Other,Other
10044,Entity-Destination,pepper,toy
10045,Other,Other,Other
10046,Other,shape,burin
10047,Instrument-Agency,matches,baseballplayer
10048,Content-Container,suitcase,suitcase
10049,Component-Whole,stick,broom
10050,Other,Other,Other
10051,Other,sack,sack
10052,Other,frustration,CD
10053,Entity-Destination,deposits,account
10054,Other,catching,pig
10055,Other,Parties,telephone
10056,Other,Other,Other
10057,Other,force,joystick
10058,Other,segments,company
10059,Other,Other,Other
10060,Entity-Destination,fuel,bladder
10061,Other,glands,endocrine
10062,Other,people,tsunami
10063,Content-Container,oats,box
10064,Other,machineimplant,signals
10065,Entity-Origin,egg,species
10066,Other,Other,Other
10067,Other,formation,parties
10068,Component-Whole,bedrooms,cottage
10069,Entity-Origin,invasion,planet
10070,Other,instructions,letter
10071,Other,Other,Other
10072,Cause-Effect,cuisine,pastry
10073,Entity-Origin,boat,port
10074,Cause-Effect,blacksmithing,Horseshoes
10075,Other,excess,stores
10076,Other,Other,Other
10077,Cause-Effect,cooper,proof
10078,Instrument-Agency,group,Mothers
10079,Entity-Destination,pollution,stratosphere
10080,Other,GWT,book
10081,Entity-Destination,jewels,room
10082,Other,aircraft,airport
10083,Entity-Destination,retirement,business
10084,Other,Other,Other
10085,Other,Other,Other
10086,Instrument-Agency,gestures,information
10087,Other,potter,potter
10088,Cause-Effect,air,coughing
10089,Other,pancakes,bananas
10090,Entity-Origin,train,station
10091,Other,Jos,husband
10092,Content-Container,brew,bottle
10093,Content-Container,water,kettle
10094,Product-Producer,title,lady
10095,Other,Other,Other
10096,Message-Topic,guide,work
10097,Entity-Destination,Wintryconditions,adjacentareas
10098,Entity-Destination,cement,forms
10099,Other,present,vegetable
10100,Other,among,both
10101,Other,practices,speech
10102,Other,cadre,musicians
10103,Product-Producer,swordsmen,grenade
10104,Component-Whole,corresponding,fortress
10105,Content-Container,manuscript,tankard
10106,Other,parameters,results
10107,Other,Other,Other
10108,Other,changes,notes
10109,Other,malice,trier
10110,Other,grape,lowly
10111,Other,list,Italian
10112,Other,science,theme
10113,Message-Topic,film,class
10114,Product-Producer,sugar,cane
10115,Other,body,violinist
10116,Other,wound,shot
10117,Other,pace,camping
10118,Component-Whole,steps,method
10119,Entity-Destination,bug,garage
10120,Entity-Origin,family,village
10121,Message-Topic,exhibition,qualities
10122,Other,Other,Other
10123,Other,theory,exchange
10124,Product-Producer,mob,factory
10125,Component-Whole,tenure,hospital
10126,Component-Whole,roller,painter
10127,Other,network,company
10128,Other,before,man
10129,Product-Producer,novel,governor-general
10130,Other,Other,Other
10131,Other,Other,Other
10132,Cause-Effect,hormonalimbalance,Acne
10133,Other,Other,Other
10134,Entity-Destination,flights,adjacent
10135,Message-Topic,discussion,candidates
10136,Entity-Origin,probe,fragment
10137,Other,list,restaurant
10138,Instrument-Agency,agency,government
10139,Other,Other,Other
10140,Entity-Destination,Halfway,photograph
10141,Other,Other,Other
10142,Instrument-Agency,reactions,teacher
10143,Other,performer,ligature
10144,Other,studio,design
10145,Other,Other,Other
10146,Product-Producer,stonework,mason
10147,Other,restrictions,benchmarking
10148,Member-Collection,banks,cadre
10149,Product-Producer,works,composer
10150,Other,Other,Other
10151,Other,Other,Other
10152,Other,Other,Other
10153,Other,Other,Other
10154,Other,pain,inflammation
10155,Component-Whole,title,book
10156,Entity-Destination,items,customer
10157,Other,Other,Other
10158,Product-Producer,kits,association
10159,Component-Whole,membrane,orange
10160,Other,balcony,student
10161,Other,Other,Other
10162,Other,book,article
10163,Entity-Destination,films,viewers
10164,Component-Whole,forebrain,brain
10165,Entity-Origin,stick,runway
10166,Other,table,bomb
10167,Other,paddling,ducks
10168,Entity-Origin,accused,place
10169,Other,boats,freighter
10170,Other,work,impact
10171,Other,Other,Other
10172,Member-Collection,frogs,froggery
10173,Entity-Destination,water,river
10174,Instrument-Agency,news,evangelist
10175,Cause-Effect,mutation,Geneticdisorders
10176,Other,bio-hazard,baby
10177,Product-Producer,beer,youths
10178,Instrument-Agency,umbrella,teacher
10179,Other,Other,Other
10180,Cause-Effect,reaction,Power
10181,Other,discipline,motions
10182,Other,building,hero
10183,Entity-Origin,money,pocket
10184,Other,depot,dynamite
10185,Entity-Destination,fish,sea
10186,Instrument-Agency,round,player
10187,Other,Other,Other
10188,Entity-Origin,license,state
10189,Entity-Destination,wave,outerspace
10190,Product-Producer,blog,author
10191,Component-Whole,valves,trumpet
10192,Entity-Origin,list,call
10193,Instrument-Agency,drill,Doctor
10194,Other,filament,circle
10195,Other,Other,Other
10196,Other,country,equipment
10197,Entity-Origin,hairstyles,days
10198,Other,lava,Andes
10199,Other,shoe,girl
10200,Entity-Destination,soldiers,post
10201,Instrument-Agency,rafts,ancestors
10202,Other,Other,Other
10203,Product-Producer,program,poet
10204,Other,Other,Other
10205,Other,space,astronauts
10206,Other,disappears,fights
10207,Other,warmer,storm
10208,Other,Other,Other
10209,Message-Topic,documents,literature
10210,Other,constellation,eye
10211,Other,acid,Shampoos
10212,Component-Whole,base,clock
10213,Entity-Origin,word,word
10214,Entity-Destination,magazine,music
10215,Other,Other,Other
10216,Entity-Origin,wine,barley
10217,Other,Other,Other
10218,Other,Other,Other
10219,Other,literature,elements
10220,Entity-Origin,title,quip
10221,Other,Other,Other
10222,Other,sequel,work
10223,Other,codes,league
10224,Entity-Destination,religion,empire
10225,Other,Other,Other
10226,Other,extent,flood
10227,Other,groups,teacher
10228,Cause-Effect,reporters,disaster
10229,Other,areas,products
10230,Content-Container,poison,bottle
10231,Other,Other,Other
10232,Other,company,portfolio
10233,Instrument-Agency,rifle,avenger
10234,Other,Other,Other
10235,Other,team,Members
10236,Other,month,passengers
10237,Other,Other,Other
10238,Entity-Destination,bomb,region
10239,Other,Galileoscope,astronomer
10240,Message-Topic,publication,methods
10241,Other,Other,Other
10242,Other,canons,dignity
10243,Entity-Destination,flight,history
10244,Cause-Effect,posters,impression
10245,Message-Topic,course,issues
10246,Product-Producer,snakes,car
10247,Other,knife,chef
10248,Other,servant,political
10249,Other,earth,communion
10250,Other,legal,issuer
10251,Other,Other,Other
10252,Other,joke,laughter
10253,Entity-Destination,efforts,objective
10254,Content-Container,blood,bottle
10255,Cause-Effect,explosion,crater
10256,Cause-Effect,aircraft,damage
10257,Other,Other,Other
10258,Entity-Origin,sound,structure
10259,Member-Collection,wall,fragment
10260,Message-Topic,generations,uncertain
10261,Other,ornaments,complicated
10262,Other,Other,Other
10263,Other,Other,Other
10264,Other,tunnel,prisoner
10265,Instrument-Agency,pole,accident
10266,Other,Other,Other
10267,Message-Topic,debate,issues
10268,Other,Other,Other
10269,Entity-Origin,report,headquarters
10270,Other,tools,chain
10271,Entity-Origin,applicant,school
10272,Component-Whole,patches,garden
10273,Other,fever,fevers
10274,Entity-Destination,father,college
10275,Component-Whole,indicator,seconds
10276,Other,Other,Other
10277,Message-Topic,outbreak,outbreak
10278,Entity-Destination,soap,time
10279,Entity-Origin,Wrinkles,laughing
10280,Other,Other,Other
10281,Other,sugar,starch
10282,Entity-Destination,crisis,economy
10283,Other,Other,Other
10284,Content-Container,map,safe
10285,Content-Container,pants,box
10286,Other,bridge,mechanism
10287,Member-Collection,squirrels,dray
10288,Content-Container,reagent,bottle
10289,Other,Other,Other
10290,Message-Topic,criticism,weaknesses
10291,Message-Topic,singer,outdoorstage
10292,Other,Other,Other
10293,Other,Other,Other
10294,Other,disease,fear
10295,Entity-Origin,ship,harbour
10296,Other,capital,state
10297,Other,term,word
10298,Other,Other,Other
10299,Member-Collection,ducks,flock
10300,Other,Entrepreneur,kiosks
10301,Entity-Destination,award,organization
10302,Instrument-Agency,apparatus,officer
10303,Component-Whole,roof,building
10304,Other,Other,Other
10305,Component-Whole,bus,computer
10306,Message-Topic,plan,analysis
10307,Other,guide,page
10308,Other,religion,book
10309,Other,holes,toys
10310,Content-Container,water,bottle
10311,Other,Other,Other
10312,Other,caisson,blocks
10313,Other,Other,Other
10314,Content-Container,methamphetamine,glasscontainer
10315,Other,teleology,belief
10316,Other,barn,bungalow
10317,Other,Other,Other
10318,Other,complex,poison
10319,Other,asteroid,astronauts
10320,Product-Producer,material,fragment
10321,Other,team,fifth
10322,Message-Topic,exhibition,view
10323,Content-Container,object,nylonbag
10324,Other,drug,tools
10325,Other,Other,Other
10326,Other,constitution,parties
10327,Product-Producer,preparation,musician
10328,Entity-Destination,agarose,tray
10329,Instrument-Agency,chemistry,team
10330,Content-Container,gun,drawer
10331,Other,president,university
10332,Other,Other,Other
10333,Cause-Effect,Nisqually,damage
10334,Entity-Origin,train,photographer
10335,Other,cylinder,fluids
10336,Entity-Origin,ship,port
10337,Entity-Destination,worker,refrigeratorboxcar
10338,Other,qualities,tempeh
10339,Member-Collection,insects,whirl
10340,Other,Other,Other
10341,Cause-Effect,respondents,Surveys
10342,Cause-Effect,infection,abscess
10343,Other,Other,Other
10344,Component-Whole,limitation,act
10345,Content-Container,love,bottle
10346,Entity-Destination,flour,liquidmixture
10347,Other,Other,Other
10348,Other,cancer,disease
10349,Entity-Destination,barium,sulphate
10350,Product-Producer,discussion,lawyers
10351,Product-Producer,machines,country
10352,Entity-Destination,preforms,bottles
10353,Other,flask,plant
10354,Entity-Origin,acetoin,filtrate
10355,Other,metal,ground
10356,Component-Whole,pillars,ruins
10357,Other,administrative,change
10358,Message-Topic,fable,progress
10359,Instrument-Agency,resources,programmers
10360,Entity-Destination,technocrats,government
10361,Other,basin,depression
10362,Other,Other,Other
10363,Other,plants,names
10364,Member-Collection,misfits,zoo
10365,Other,interview,researcher
10366,Other,book,student
10367,Other,knob,engine
10368,Other,feathers,fox
10369,Other,Other,Other
10370,Other,city,poet
10371,Other,fire,station
10372,Content-Container,batch,suitcase
10373,Other,farms,worms
10374,Entity-Destination,species,country
10375,Message-Topic,message,structure
10376,Other,Other,Other
10377,Other,dissolution,events
10378,Other,wings,bat
10379,Other,Other,Other
10380,Cause-Effect,residues,contamination
10381,Other,swelling,system
10382,Other,Other,Other
10383,Other,halves,armor
10384,Other,Other,Other
10385,Other,palm,disease
10386,Product-Producer,funding,chairman
10387,Other,chair,hand
10388,Other,Other,Other
10389,Instrument-Agency,hoe,farmer
10390,Other,Other,Other
10391,Entity-Origin,air,lungs
10392,Other,interference,press
10393,Message-Topic,lyricspoint,politics
10394,Cause-Effect,gas,incident
10395,Other,times,name
10396,Cause-Effect,imbalance,torque
10397,Entity-Destination,bombs,cars
10398,Component-Whole,timer,clock
10399,Member-Collection,offers,rain
10400,Other,officer,Dean
10401,Entity-Origin,robbers,scene
10402,Component-Whole,core,state
10403,Entity-Destination,officer,cell
10404,Other,toward,studies
10405,Other,eggs,catfish
10406,Member-Collection,acquaintances,clique
10407,Product-Producer,statement,president
10408,Other,Other,Other
10409,Other,union,Synaesthesia
10410,Instrument-Agency,method,engineers
10411,Entity-Destination,oil,radiator
10412,Other,Other,Other
10413,Entity-Destination,medicine,patient
10414,Member-Collection,ibis,rookery
10415,Other,fear,death
10416,Other,operator,textbox
10417,Other,life,brain
10418,Other,Other,Other
10419,Entity-Destination,vehicles,city
10420,Other,words,discussion
10421,Entity-Origin,design,work
10422,Other,Other,Other
10423,Cause-Effect,earthquake,devastation
10424,Cause-Effect,fungalimbalance,anus
10425,Other,fans,hiding
10426,Component-Whole,chapters,book
10427,Other,algorithms,software
10428,Other,flowers,patch
10429,Content-Container,statue,bamboobox
10430,Other,cornerstone,box
10431,Other,Other,Other
10432,Component-Whole,jolt,neuron
10433,Other,cells,nestedtable
10434,Entity-Destination,balls,basket
10435,Other,reversed,rule
10436,Member-Collection,nationalities,proletariat
10437,Other,fighting,boys
10438,Product-Producer,album,band
10439,Other,Other,Other
10440,Other,animal,man
10441,Content-Container,skirt,trunk
10442,Other,Other,Other
10443,Other,canister,grenade
10444,Entity-Destination,yachts,harbor
10445,Other,slab,meat
10446,Other,months,arrangements
10447,Other,dragoons,cuirassiers
10448,Message-Topic,products,Bears
10449,Component-Whole,cover,sewer
10450,Content-Container,escape,bottle
10451,Content-Container,emails,mailbox
10452,Other,passage,series
10453,Other,To-shiro,wares
10454,Other,drain,straw-bales
10455,Other,Other,Other
10456,Other,research,issues
10457,Other,farmer,poverty
10458,Other,lump,snout
10459,Product-Producer,plans,author
10460,Content-Container,syrup,bottle
10461,Entity-Destination,cartridges,printer
10462,Other,pit,museum
10463,Other,magazine,laws
10464,Cause-Effect,displacement,Tsunamis
10465,Entity-Destination,material,regions
10466,Other,Other,Other
10467,Other,Other,Other
10468,Other,carton,wine
10469,Entity-Origin,ammonia,Hydro
10470,Message-Topic,speech,problems
10471,Other,blisters,antibodies
10472,Other,date,timestamp
10473,Member-Collection,pikemen,division
10474,Other,book,slipcase
10475,Other,Other,Other
10476,Product-Producer,heartland,photographer
10477,Entity-Origin,water,house
10478,Product-Producer,gas,company
10479,Cause-Effect,collapse,decline
10480,Product-Producer,block,fishermen
10481,Other,Other,Other
10482,Component-Whole,knob,bat
10483,Other,athlete,stance
10484,Other,Other,Other
10485,Other,wards,chaos
10486,Other,tube,gold
10487,Component-Whole,antennas,system
10488,Entity-Origin,jelly,cranberry
10489,Other,Other,Other
10490,Other,Other,Other
10491,Cause-Effect,junk,acne
10492,Other,wound,forearm
10493,Other,Other,Other
10494,Product-Producer,decree,emperor
10495,Other,Other,Other
10496,Content-Container,braces,box
10497,Other,Other,Other
10498,Cause-Effect,allergies,coughing
10499,Product-Producer,gods,disturbance
10500,Other,Other,Other
10501,Instrument-Agency,vehicle,pillar
10502,Other,stir,announcement
10503,Other,cancer,disease
10504,Other,Other,Other
10505,Other,whisky,wheat
10506,Other,cell,egg
10507,Entity-Destination,images,page
10508,Other,boat,extent
10509,Other,scheme,firm
10510,Entity-Origin,operate,port
10511,Other,guard,chuckle
10512,Other,screw,electrode
10513,Other,Other,Other
10514,Other,wire,wall
10515,Other,Danger,routine
10516,Member-Collection,criticism,journal
10517,Entity-Destination,tube,beaker
10518,Other,dragoons,formation
10519,Other,tomatoes,pail
10520,Other,guard,scowling
10521,Cause-Effect,filling,deformation
10522,Cause-Effect,allergies,headaches
10523,Member-Collection,ravens,constable
10524,Component-Whole,pin,grenade
10525,Other,Other,Other
10526,Cause-Effect,war,breakdown
10527,Other,Other,Other
10528,Content-Container,body,trunk
10529,Component-Whole,section,technical
10530,Other,person,remark
10531,Other,state,congressman
10532,Other,arch,artery
10533,Other,Other,Other
10534,Component-Whole,walls,fortress
10535,Product-Producer,craftsperson,maker
10536,Entity-Origin,drugrelease,matrix
10537,Other,Other,Other
10538,Entity-Destination,queen,box
10539,Component-Whole,quarters,claim
10540,Other,groove,bolt
10541,Entity-Origin,pressrelease,studio
10542,Cause-Effect,hunger,unrest
10543,Cause-Effect,agent,duodenum
10544,Component-Whole,discipline,science
10545,Other,counties,states
10546,Message-Topic,question,sale
10547,Other,defendant,products
10548,Other,boat,fisherman
10549,Product-Producer,plan,fence
10550,Cause-Effect,sound,nausea
10551,Other,box,sweetcorn
10552,Product-Producer,chocolate,maker
10553,Content-Container,images,reliquary
10554,Other,Other,Other
10555,Other,Other,Other
10556,Other,daughter,speech
10557,Other,Other,Other
10558,Member-Collection,cards,deck
10559,Other,accident,notebook
10560,Cause-Effect,inflation,profits
10561,Other,Other,Other
10562,Other,Other,Other
10563,Other,maker,cabinet
10564,Entity-Destination,sparrows,wall
10565,Other,city,stand
10566,Other,Other,Other
10567,Other,Other,Other
10568,Other,orders,consideration
10569,Other,purse,theory
10570,Member-Collection,pasta,plate
10571,Other,Other,Other
10572,Other,area,pen
10573,Entity-Destination,guns,safe
10574,Other,Other,Other
10575,Cause-Effect,clot,seizure
10576,Cause-Effect,microwaves,radiation
10577,Other,Other,Other
10578,Other,Other,Other
10579,Other,Other,Other
10580,Member-Collection,deer,leash
10581,Product-Producer,nail,child
10582,Other,boredom,even
10583,Component-Whole,components,seconds
10584,Other,Other,Other
10585,Instrument-Agency,beer,wheat
10586,Other,clowns,animals
10587,Other,Other,Other
10588,Other,relatives,children
10589,Other,bail,pendant
10590,Other,Other,Other
10591,Other,Other,Other
10592,Entity-Origin,data,study
10593,Other,power,ring
10594,Other,Other,Other
10595,Cause-Effect,door,disturbance
10596,Entity-Destination,company,scalingproblems
10597,Cause-Effect,explosion,damage
10598,Product-Producer,message,friend
10599,Message-Topic,trio,blaze
10600,Other,Other,Other
10601,Other,woman,Clophelinum
10602,Member-Collection,Fish,liver
10603,Other,industry,injuries
10604,Other,fire,wind
10605,Other,cavities,nostrils
10606,Other,Other,Other
10607,Other,Other,Other
10608,Message-Topic,article,concept
10609,Other,bubbles,kids
10610,Other,behaviour,mob
10611,Other,Other,Other
10612,Cause-Effect,irradiation,complication
10613,Other,mind,ends
10614,Other,Other,Other
10615,Entity-Destination,drippings,sauerkraut
10616,Other,style,women
10617,Other,word,languages
10618,Other,Produce,raising
10619,Other,Other,Other
10620,Cause-Effect,bombing,deaths
10621,Other,program,candidate
10622,Member-Collection,larvae,vial
10623,Member-Collection,flight,dule
10624,Other,hot,lasting
10625,Cause-Effect,illegal,error
10626,Message-Topic,novels,questions
10627,Cause-Effect,Liver,hypertension
10628,Other,Other,Other
10629,Other,black,discovery
10630,Other,Other,Other
10631,Entity-Destination,games,chatting
10632,Entity-Destination,escape,universe
10633,Other,cake,baby
10634,Content-Container,coolant,bottle
10635,Cause-Effect,loss,sorrow
10636,Member-Collection,passport,violations
10637,Other,mountains,winds
10638,Component-Whole,sleeve,sweater
10639,Product-Producer,drag,atmosphere
10640,Cause-Effect,Endometriosis,pain
10641,Cause-Effect,drains,flooding
10642,Other,animal,food
10643,Cause-Effect,planes,dips
10644,Product-Producer,applications,vacancy
10645,Message-Topic,documents,role
10646,Other,company,factory
10647,Other,gene,fragment
10648,Product-Producer,first-class,company
10649,Other,warren,survey
10650,Entity-Destination,inquiry,disasterfirefighters
10651,Component-Whole,sections,book
10652,Other,Other,Other
10653,Content-Container,Cutlery,wallet
10654,Other,years,dresses
10655,Other,Other,Other
10656,Message-Topic,chapter,concise
10657,Other,organization,leader
10658,Message-Topic,article,nature
10659,Other,Other,Other
10660,Content-Container,suitcase,suitcase
10661,Other,Other,Other
10662,Other,drums,piano
10663,Other,tweeter,cabinet
10664,Entity-Origin,polynucleotide,species
10665,Other,Other,Other
10666,Other,couple,whirlwind
10667,Message-Topic,observations,resolution
10668,Content-Container,pens,tankard
10669,Other,book,context
10670,Other,discussion,Okay
10671,Other,Other,Other
10672,Other,volume,transcript
10673,Entity-Destination,Skydivers,island
10674,Other,Other,Other
10675,Other,islands,stories
10676,Other,Other,Other
10677,Other,Other,Other
10678,Entity-Destination,cook,pan
10679,Entity-Destination,uniforms,students
10680,Other,student,teacher
10681,Entity-Destination,products,overseas
10682,Entity-Origin,Brandy,fermented
10683,Other,Other,Other
10684,Other,newspaper,site
10685,Other,Other,Other
10686,Entity-Destination,module,browser
10687,Other,station,line
10688,Entity-Origin,boat,port
10689,Other,Other,Other
10690,Cause-Effect,incidents,poisonings
10691,Content-Container,substance,letter
10692,Entity-Destination,money,custody
10693,Other,philosophy,philosophical
10694,Product-Producer,parts,manufacturer
10695,Other,Other,Other
10696,Cause-Effect,lioness,grief
10697,Other,data,outlined
10698,Product-Producer,U-boats,group
10699,Entity-Destination,woman,house
10700,Other,group,ground
10701,Other,murder,tale
10702,Other,Other,Other
10703,Other,stadium,key
10704,Other,Other,Other
10705,Other,player,maze
10706,Entity-Destination,weapons,navy
10707,Other,pool,slope
10708,Member-Collection,hippopotamuses,bloat
10709,Entity-Origin,squirrel,shirt
10710,Entity-Origin,snow,storm
10711,Instrument-Agency,broom,king
10712,Other,production,minister
10713,Other,frame,umbrella
10714,Other,film,Hands
10715,Other,ring,casket
